ID,Label
0.jpg,52
1.jpg,43
2.jpg,954
3.jpg,52
4.jpg,38
5.jpg,78
6.jpg,930
7.jpg,43
8.jpg,70
9.jpg,61
10.jpg,75
11.jpg,80
12.jpg,98
13.jpg,69
14.jpg,32
15.jpg,5
16.jpg,450
17.jpg,404
18.jpg,12
19.jpg,936
20.jpg,98
21.jpg,927
22.jpg,74
23.jpg,80
24.jpg,33
25.jpg,80
26.jpg,72
27.jpg,967
28.jpg,43
29.jpg,33
30.jpg,73
31.jpg,49
32.jpg,44
33.jpg,91
34.jpg,909
35.jpg,924
36.jpg,72
37.jpg,554
38.jpg,52
39.jpg,895
40.jpg,77
41.jpg,717
42.jpg,4
43.jpg,18
44.jpg,75
45.jpg,895
46.jpg,98
47.jpg,72
48.jpg,666
49.jpg,18
50.jpg,85
51.jpg,12
52.jpg,723
53.jpg,80
54.jpg,49
55.jpg,16
56.jpg,98
57.jpg,511
58.jpg,68
59.jpg,38
60.jpg,41
61.jpg,81
62.jpg,72
63.jpg,872
64.jpg,33
65.jpg,960
66.jpg,43
67.jpg,21
68.jpg,91
69.jpg,436
70.jpg,717
71.jpg,68
72.jpg,18
73.jpg,960
74.jpg,68
75.jpg,38
76.jpg,959
77.jpg,38
78.jpg,751
79.jpg,6
80.jpg,40
81.jpg,43
82.jpg,86
83.jpg,967
84.jpg,404
85.jpg,404
86.jpg,78
87.jpg,48
88.jpg,94
89.jpg,960
90.jpg,44
91.jpg,946
92.jpg,43
93.jpg,18
94.jpg,43
95.jpg,10
96.jpg,931
97.jpg,61
98.jpg,85
99.jpg,415
100.jpg,48
101.jpg,51
102.jpg,75
103.jpg,43
104.jpg,963
105.jpg,926
106.jpg,60
107.jpg,961
108.jpg,72
109.jpg,89
110.jpg,58
111.jpg,21
112.jpg,48
113.jpg,734
114.jpg,74
115.jpg,72
116.jpg,1
117.jpg,817
118.jpg,19
119.jpg,1
120.jpg,817
121.jpg,627
122.jpg,23
123.jpg,69
124.jpg,72
125.jpg,82
126.jpg,61
127.jpg,32
128.jpg,6
129.jpg,717
130.jpg,404
131.jpg,33
132.jpg,43
133.jpg,76
134.jpg,80
135.jpg,45
136.jpg,86
137.jpg,75
138.jpg,40
139.jpg,895
140.jpg,65
141.jpg,98
142.jpg,22
143.jpg,744
144.jpg,75
145.jpg,404
146.jpg,6
147.jpg,95
148.jpg,953
149.jpg,986
150.jpg,461
151.jpg,61
152.jpg,69
153.jpg,711
154.jpg,75
155.jpg,986
156.jpg,86
157.jpg,756
158.jpg,62
159.jpg,937
160.jpg,21
161.jpg,69
162.jpg,960
163.jpg,46
164.jpg,977
165.jpg,78
166.jpg,33
167.jpg,48
168.jpg,26
169.jpg,72
170.jpg,75
171.jpg,20
172.jpg,55
173.jpg,69
174.jpg,960
175.jpg,52
176.jpg,72
177.jpg,13
178.jpg,932
179.jpg,404
180.jpg,404
181.jpg,628
182.jpg,70
183.jpg,1
184.jpg,78
185.jpg,19
186.jpg,122
187.jpg,41
188.jpg,75
189.jpg,436
190.jpg,40
191.jpg,404
192.jpg,5
193.jpg,49
194.jpg,744
195.jpg,33
196.jpg,97
197.jpg,53
198.jpg,38
199.jpg,69
200.jpg,75
201.jpg,26
202.jpg,38
203.jpg,85
204.jpg,85
205.jpg,75
206.jpg,69
207.jpg,12
208.jpg,959
209.jpg,9
210.jpg,66
211.jpg,54
212.jpg,75
213.jpg,4
214.jpg,38
215.jpg,8
216.jpg,434
217.jpg,1
218.jpg,52
219.jpg,49
220.jpg,72
221.jpg,415
222.jpg,49
223.jpg,19
224.jpg,67
225.jpg,75
226.jpg,996
227.jpg,40
228.jpg,930
229.jpg,98
230.jpg,895
231.jpg,404
232.jpg,91
233.jpg,75
234.jpg,19
235.jpg,98
236.jpg,13
237.jpg,47
238.jpg,908
239.jpg,817
240.jpg,4
241.jpg,965
242.jpg,19
243.jpg,52
244.jpg,108
245.jpg,4
246.jpg,80
247.jpg,97
248.jpg,928
249.jpg,75
250.jpg,54
251.jpg,38
252.jpg,658
253.jpg,60
254.jpg,75
255.jpg,62
256.jpg,70
257.jpg,24
258.jpg,17
259.jpg,33
260.jpg,91
261.jpg,38
262.jpg,89
263.jpg,91
264.jpg,43
265.jpg,404
266.jpg,61
267.jpg,40
268.jpg,717
269.jpg,4
270.jpg,960
271.jpg,523
272.jpg,404
273.jpg,9
274.jpg,85
275.jpg,40
276.jpg,436
277.jpg,7
278.jpg,17
279.jpg,985
280.jpg,92
281.jpg,938
282.jpg,75
283.jpg,56
284.jpg,43
285.jpg,744
286.jpg,52
287.jpg,85
288.jpg,86
289.jpg,328
290.jpg,38
291.jpg,38
292.jpg,85
293.jpg,26
294.jpg,52
295.jpg,77
296.jpg,96
297.jpg,34
298.jpg,78
299.jpg,19
300.jpg,70
301.jpg,40
302.jpg,57
303.jpg,43
304.jpg,98
305.jpg,43
306.jpg,80
307.jpg,48
308.jpg,98
309.jpg,20
310.jpg,938
311.jpg,930
312.jpg,54
313.jpg,75
314.jpg,62
315.jpg,72
316.jpg,52
317.jpg,404
318.jpg,14
319.jpg,16
320.jpg,38
321.jpg,43
322.jpg,38
323.jpg,87
324.jpg,601
325.jpg,936
326.jpg,60
327.jpg,72
328.jpg,33
329.jpg,80
330.jpg,52
331.jpg,48
332.jpg,72
333.jpg,26
334.jpg,43
335.jpg,13
336.jpg,58
337.jpg,405
338.jpg,46
339.jpg,78
340.jpg,75
341.jpg,38
342.jpg,26
343.jpg,92
344.jpg,717
345.jpg,91
346.jpg,98
347.jpg,986
348.jpg,1
349.jpg,985
350.jpg,98
351.jpg,48
352.jpg,24
353.jpg,16
354.jpg,79
355.jpg,49
356.jpg,817
357.jpg,72
358.jpg,16
359.jpg,24
360.jpg,52
361.jpg,43
362.jpg,16
363.jpg,607
364.jpg,1
365.jpg,4
366.jpg,75
367.jpg,61
368.jpg,40
369.jpg,38
370.jpg,75
371.jpg,20
372.jpg,41
373.jpg,960
374.jpg,52
375.jpg,38
376.jpg,550
377.jpg,817
378.jpg,67
379.jpg,901
380.jpg,57
381.jpg,69
382.jpg,67
383.jpg,65
384.jpg,48
385.jpg,717
386.jpg,92
387.jpg,22
388.jpg,52
389.jpg,404
390.jpg,74
391.jpg,960
392.jpg,52
393.jpg,80
394.jpg,32
395.jpg,43
396.jpg,38
397.jpg,90
398.jpg,19
399.jpg,21
400.jpg,98
401.jpg,23
402.jpg,72
403.jpg,17
404.jpg,40
405.jpg,404
406.jpg,962
407.jpg,931
408.jpg,43
409.jpg,404
410.jpg,2
411.jpg,40
412.jpg,5
413.jpg,70
414.jpg,1
415.jpg,895
416.jpg,98
417.jpg,72
418.jpg,415
419.jpg,77
420.jpg,52
421.jpg,52
422.jpg,53
423.jpg,89
424.jpg,436
425.jpg,98
426.jpg,7
427.jpg,85
428.jpg,3
429.jpg,66
430.jpg,16
431.jpg,60
432.jpg,72
433.jpg,13
434.jpg,47
435.jpg,998
436.jpg,5
437.jpg,69
438.jpg,17
439.jpg,404
440.jpg,511
441.jpg,654
442.jpg,20
443.jpg,87
444.jpg,80
445.jpg,675
446.jpg,404
447.jpg,97
448.jpg,49
449.jpg,70
450.jpg,33
451.jpg,52
452.jpg,925
453.jpg,38
454.jpg,38
455.jpg,80
456.jpg,65
457.jpg,72
458.jpg,52
459.jpg,43
460.jpg,60
461.jpg,74
462.jpg,895
463.jpg,70
464.jpg,85
465.jpg,38
466.jpg,0
467.jpg,404
468.jpg,49
469.jpg,404
470.jpg,85
471.jpg,957
472.jpg,61
473.jpg,65
474.jpg,944
475.jpg,44
476.jpg,19
477.jpg,72
478.jpg,960
479.jpg,932
480.jpg,41
481.jpg,24
482.jpg,72
483.jpg,49
484.jpg,70
485.jpg,91
486.jpg,960
487.jpg,80
488.jpg,404
489.jpg,52
490.jpg,717
491.jpg,60
492.jpg,81
493.jpg,70
494.jpg,98
495.jpg,38
496.jpg,75
497.jpg,85
498.jpg,74
499.jpg,48
500.jpg,77
501.jpg,71
502.jpg,511
503.jpg,932
504.jpg,38
505.jpg,97
506.jpg,928
507.jpg,39
508.jpg,49
509.jpg,6
510.jpg,69
511.jpg,16
512.jpg,69
513.jpg,66
514.jpg,77
515.jpg,62
516.jpg,16
517.jpg,960
518.jpg,34
519.jpg,49
520.jpg,812
521.jpg,18
522.jpg,943
523.jpg,967
524.jpg,98
525.jpg,75
526.jpg,925
527.jpg,60
528.jpg,60
529.jpg,56
530.jpg,69
531.jpg,14
532.jpg,98
533.jpg,705
534.jpg,72
535.jpg,930
536.jpg,69
537.jpg,91
538.jpg,996
539.jpg,78
540.jpg,72
541.jpg,919
542.jpg,926
543.jpg,95
544.jpg,43
545.jpg,33
546.jpg,998
547.jpg,14
548.jpg,19
549.jpg,43
550.jpg,33
551.jpg,809
552.jpg,89
553.jpg,895
554.jpg,43
555.jpg,98
556.jpg,41
557.jpg,85
558.jpg,404
559.jpg,43
560.jpg,49
561.jpg,40
562.jpg,328
563.jpg,221
564.jpg,72
565.jpg,984
566.jpg,91
567.jpg,26
568.jpg,49
569.jpg,404
570.jpg,464
571.jpg,4
572.jpg,985
573.jpg,923
574.jpg,830
575.jpg,928
576.jpg,65
577.jpg,867
578.jpg,26
579.jpg,60
580.jpg,77
581.jpg,38
582.jpg,69
583.jpg,86
584.jpg,43
585.jpg,4
586.jpg,322
587.jpg,45
588.jpg,986
589.jpg,70
590.jpg,20
591.jpg,717
592.jpg,49
593.jpg,40
594.jpg,70
595.jpg,21
596.jpg,92
597.jpg,544
598.jpg,80
599.jpg,47
600.jpg,92
601.jpg,563
602.jpg,33
603.jpg,60
604.jpg,744
605.jpg,85
606.jpg,404
607.jpg,33
608.jpg,91
609.jpg,80
610.jpg,75
611.jpg,625
612.jpg,58
613.jpg,38
614.jpg,70
615.jpg,55
616.jpg,45
617.jpg,85
618.jpg,404
619.jpg,12
620.jpg,26
621.jpg,986
622.jpg,48
623.jpg,94
624.jpg,91
625.jpg,404
626.jpg,757
627.jpg,40
628.jpg,70
629.jpg,6
630.jpg,70
631.jpg,80
632.jpg,34
633.jpg,38
634.jpg,19
635.jpg,895
636.jpg,78
637.jpg,75
638.jpg,4
639.jpg,70
640.jpg,4
641.jpg,36
642.jpg,924
643.jpg,83
644.jpg,0
645.jpg,985
646.jpg,69
647.jpg,5
648.jpg,67
649.jpg,49
650.jpg,85
651.jpg,33
652.jpg,48
653.jpg,895
654.jpg,82
655.jpg,91
656.jpg,967
657.jpg,97
658.jpg,72
659.jpg,18
660.jpg,744
661.jpg,36
662.jpg,0
663.jpg,43
664.jpg,814
665.jpg,49
666.jpg,48
667.jpg,932
668.jpg,108
669.jpg,38
670.jpg,932
671.jpg,69
672.jpg,5
673.jpg,21
674.jpg,46
675.jpg,38
676.jpg,69
677.jpg,967
678.jpg,21
679.jpg,70
680.jpg,961
681.jpg,13
682.jpg,48
683.jpg,80
684.jpg,59
685.jpg,78
686.jpg,80
687.jpg,24
688.jpg,80
689.jpg,69
690.jpg,38
691.jpg,33
692.jpg,656
693.jpg,89
694.jpg,49
695.jpg,987
696.jpg,89
697.jpg,80
698.jpg,959
699.jpg,80
700.jpg,10
701.jpg,40
702.jpg,46
703.jpg,21
704.jpg,69
705.jpg,49
706.jpg,52
707.jpg,72
708.jpg,91
709.jpg,98
710.jpg,40
711.jpg,38
712.jpg,60
713.jpg,986
714.jpg,32
715.jpg,97
716.jpg,66
717.jpg,40
718.jpg,70
719.jpg,404
720.jpg,404
721.jpg,43
722.jpg,37
723.jpg,88
724.jpg,817
725.jpg,19
726.jpg,85
727.jpg,717
728.jpg,87
729.jpg,22
730.jpg,62
731.jpg,26
732.jpg,19
733.jpg,814
734.jpg,71
735.jpg,404
736.jpg,994
737.jpg,404
738.jpg,65
739.jpg,967
740.jpg,52
741.jpg,69
742.jpg,72
743.jpg,77
744.jpg,69
745.jpg,319
746.jpg,92
747.jpg,88
748.jpg,98
749.jpg,75
750.jpg,1
751.jpg,717
752.jpg,627
753.jpg,0
754.jpg,871
755.jpg,49
756.jpg,923
757.jpg,43
758.jpg,684
759.jpg,964
760.jpg,43
761.jpg,65
762.jpg,56
763.jpg,407
764.jpg,943
765.jpg,72
766.jpg,75
767.jpg,924
768.jpg,52
769.jpg,98
770.jpg,91
771.jpg,73
772.jpg,49
773.jpg,53
774.jpg,924
775.jpg,77
776.jpg,930
777.jpg,79
778.jpg,65
779.jpg,72
780.jpg,67
781.jpg,24
782.jpg,40
783.jpg,65
784.jpg,4
785.jpg,10
786.jpg,95
787.jpg,749
788.jpg,404
789.jpg,85
790.jpg,511
791.jpg,33
792.jpg,609
793.jpg,860
794.jpg,80
795.jpg,8
796.jpg,45
797.jpg,930
798.jpg,91
799.jpg,62
800.jpg,12
801.jpg,38
802.jpg,178
803.jpg,18
804.jpg,21
805.jpg,43
806.jpg,49
807.jpg,38
808.jpg,844
809.jpg,77
810.jpg,59
811.jpg,3
812.jpg,16
813.jpg,70
814.jpg,930
815.jpg,72
816.jpg,15
817.jpg,17
818.jpg,436
819.jpg,77
820.jpg,92
821.jpg,5
822.jpg,32
823.jpg,55
824.jpg,757
825.jpg,895
826.jpg,33
827.jpg,32
828.jpg,68
829.jpg,49
830.jpg,49
831.jpg,436
832.jpg,17
833.jpg,69
834.jpg,69
835.jpg,924
836.jpg,657
837.jpg,404
838.jpg,49
839.jpg,960
840.jpg,85
841.jpg,63
842.jpg,591
843.jpg,48
844.jpg,666
845.jpg,23
846.jpg,52
847.jpg,52
848.jpg,552
849.jpg,80
850.jpg,26
851.jpg,60
852.jpg,72
853.jpg,59
854.jpg,493
855.jpg,80
856.jpg,87
857.jpg,49
858.jpg,26
859.jpg,960
860.jpg,54
861.jpg,72
862.jpg,48
863.jpg,75
864.jpg,7
865.jpg,94
866.jpg,928
867.jpg,41
868.jpg,987
869.jpg,94
870.jpg,66
871.jpg,37
872.jpg,47
873.jpg,85
874.jpg,92
875.jpg,69
876.jpg,98
877.jpg,19
878.jpg,11
879.jpg,3
880.jpg,959
881.jpg,53
882.jpg,5
883.jpg,64
884.jpg,17
885.jpg,85
886.jpg,29
887.jpg,89
888.jpg,40
889.jpg,97
890.jpg,95
891.jpg,69
892.jpg,824
893.jpg,52
894.jpg,21
895.jpg,55
896.jpg,436
897.jpg,404
898.jpg,60
899.jpg,12
900.jpg,23
901.jpg,52
902.jpg,75
903.jpg,2
904.jpg,998
905.jpg,49
906.jpg,23
907.jpg,66
908.jpg,83
909.jpg,521
910.jpg,43
911.jpg,74
912.jpg,75
913.jpg,49
914.jpg,43
915.jpg,717
916.jpg,45
917.jpg,87
918.jpg,75
919.jpg,72
920.jpg,79
921.jpg,744
922.jpg,40
923.jpg,14
924.jpg,40
925.jpg,53
926.jpg,40
927.jpg,79
928.jpg,71
929.jpg,1
930.jpg,13
931.jpg,89
932.jpg,80
933.jpg,969
934.jpg,49
935.jpg,14
936.jpg,5
937.jpg,32
938.jpg,404
939.jpg,4
940.jpg,40
941.jpg,72
942.jpg,511
943.jpg,717
944.jpg,18
945.jpg,75
946.jpg,717
947.jpg,49
948.jpg,80
949.jpg,928
950.jpg,98
951.jpg,895
952.jpg,48
953.jpg,597
954.jpg,404
955.jpg,41
956.jpg,6
957.jpg,60
958.jpg,959
959.jpg,717
960.jpg,80
961.jpg,38
962.jpg,764
963.jpg,931
964.jpg,38
965.jpg,70
966.jpg,49
967.jpg,81
968.jpg,13
969.jpg,26
970.jpg,717
971.jpg,69
972.jpg,85
973.jpg,686
974.jpg,43
975.jpg,18
976.jpg,86
977.jpg,450
978.jpg,717
979.jpg,49
980.jpg,80
981.jpg,44
982.jpg,80
983.jpg,56
984.jpg,49
985.jpg,38
986.jpg,57
987.jpg,26
988.jpg,62
989.jpg,26
990.jpg,38
991.jpg,72
992.jpg,924
993.jpg,751
994.jpg,72
995.jpg,61
996.jpg,59
997.jpg,727
998.jpg,97
999.jpg,436
1000.jpg,26
1001.jpg,75
1002.jpg,70
1003.jpg,74
1004.jpg,88
1005.jpg,72
1006.jpg,814
1007.jpg,985
1008.jpg,466
1009.jpg,404
1010.jpg,21
1011.jpg,80
1012.jpg,404
1013.jpg,85
1014.jpg,932
1015.jpg,49
1016.jpg,22
1017.jpg,49
1018.jpg,809
1019.jpg,64
1020.jpg,94
1021.jpg,98
1022.jpg,666
1023.jpg,75
1024.jpg,48
1025.jpg,944
1026.jpg,70
1027.jpg,404
1028.jpg,67
1029.jpg,40
1030.jpg,72
1031.jpg,83
1032.jpg,22
1033.jpg,960
1034.jpg,895
1035.jpg,59
